Fecha;Day of Max.Fecha;Cantidad Pruebas;Confirmados en albergues;Confirmados Total;Fallecidos;Internados Generales;Internados UTI;Recuperados
3/7/2020;December 3, 2021;1;0;1;0;0;0;0
3/8/2020;December 3, 2021;0;0;0;0;0;0;0
3/9/2020;December 3, 2021;0;0;0;0;0;0;0
3/10/2020;December 3, 2021;8;0;4;0;3;2;0
3/11/2020;December 3, 2021;7;0;0;0;0;0;0
3/12/2020;December 3, 2021;6;0;1;0;0;0;0
3/13/2020;December 3, 2021;17;0;1;0;0;0;0
3/14/2020;December 3, 2021;15;0;0;0;0;0;0
3/15/2020;December 3, 2021;33;0;1;0;0;0;0
3/16/2020;December 3, 2021;27;0;1;0;0;0;0
3/17/2020;December 3, 2021;26;0;2;0;0;0;0
3/18/2020;December 3, 2021;24;0;0;0;0;0;0
3/19/2020;December 3, 2021;32;0;2;0;0;0;0
3/20/2020;December 3, 2021;44;0;5;1;0;0;0
3/21/2020;December 3, 2021;68;0;4;0;0;0;0
3/22/2020;December 3, 2021;37;0;0;0;0;0;0
3/23/2020;December 3, 2021;89;0;5;1;0;0;0
3/24/2020;December 3, 2021;91;0;10;1;2;0;0
3/25/2020;December 3, 2021;51;0;4;0;4;0;0
3/26/2020;December 3, 2021;78;0;11;0;4;0;1
3/27/2020;December 3, 2021;101;0;4;0;4;0;0
3/28/2020;December 3, 2021;60;0;3;0;4;0;0
3/29/2020;December 3, 2021;105;0;5;0;4;0;0
3/30/2020;December 3, 2021;68;0;1;0;4;0;0
3/31/2020;December 3, 2021;90;0;4;0;4;0;0
4/1/2020;December 3, 2021;95;0;8;0;5;0;2
4/2/2020;December 3, 2021;116;0;15;0;5;0;3
4/3/2020;December 3, 2021;165;0;4;0;5;0;6
4/4/2020;December 3, 2021;192;0;8;0;8;2;0
4/5/2020;December 3, 2021;200;2;9;2;8;2;0
4/6/2020;December 3, 2021;162;0;2;0;6;1;3
4/7/2020;December 3, 2021;212;0;4;0;6;2;0
4/8/2020;December 3, 2021;242;1;5;0;6;2;3
4/9/2020;December 3, 2021;223;0;5;1;5;1;0
4/10/2020;December 3, 2021;220;0;4;0;3;1;0
4/11/2020;December 3, 2021;230;0;1;0;3;1;4
4/12/2020;December 3, 2021;259;0;13;0;3;1;0
4/13/2020;December 3, 2021;248;0;12;1;3;1;0
4/14/2020;December 3, 2021;246;1;2;1;4;0;1
4/15/2020;December 3, 2021;379;0;13;0;4;0;7
4/16/2020;December 3, 2021;345;9;25;0;5;0;0
4/17/2020;December 3, 2021;338;0;3;0;6;0;5
4/18/2020;December 3, 2021;304;0;4;0;7;0;6
4/19/2020;December 3, 2021;247;2;2;0;10;0;5
4/20/2020;December 3, 2021;377;0;0;0;10;0;7
4/21/2020;December 3, 2021;414;1;5;1;6;0;9
4/22/2020;December 3, 2021;306;0;0;0;6;0;5
4/23/2020;December 3, 2021;319;4;7;0;3;0;3
4/24/2020;December 3, 2021;405;1;3;0;3;0;8
4/25/2020;December 3, 2021;308;2;5;0;4;0;7
4/26/2020;December 3, 2021;295;0;0;0;2;0;8
4/27/2020;December 3, 2021;519;1;2;0;2;0;2
4/28/2020;December 3, 2021;447;7;9;0;2;0;7
4/29/2020;December 3, 2021;563;5;10;0;3;0;9
4/30/2020;December 3, 2021;449;14;17;1;5;0;2
5/1/2020;December 3, 2021;439;66;67;0;5;0;2
5/2/2020;December 3, 2021;424;35;37;0;4;0;4
5/3/2020;December 3, 2021;340;24;26;0;7;0;7
5/4/2020;December 3, 2021;349;19;19;0;7;0;4
5/5/2020;December 3, 2021;458;16;16;0;7;0;5
5/6/2020;December 3, 2021;584;8;9;0;9;0;7
5/7/2020;December 3, 2021;599;15;22;0;8;0;6
5/8/2020;December 3, 2021;750;97;101;0;7;0;4
5/9/2020;December 3, 2021;800;124;126;0;10;0;3
5/10/2020;December 3, 2021;800;20;24;0;9;0;10
5/11/2020;December 3, 2021;709;10;11;0;10;0;5
5/12/2020;December 3, 2021;762;13;13;0;10;0;3
5/13/2020;December 3, 2021;672;3;3;1;9;0;9
5/14/2020;December 3, 2021;595;12;14;0;8;0;2
5/15/2020;December 3, 2021;672;5;5;0;7;0;9
5/16/2020;December 3, 2021;452;18;19;0;7;0;5
5/17/2020;December 3, 2021;816;8;8;0;7;0;4
5/18/2020;December 3, 2021;305;2;2;0;7;0;17
5/19/2020;December 3, 2021;692;41;41;0;5;0;11
5/20/2020;December 3, 2021;421;4;4;0;7;0;12
5/21/2020;December 3, 2021;445;1;3;0;8;0;14
5/22/2020;December 3, 2021;881;2;2;0;7;0;8
5/23/2020;December 3, 2021;937;9;12;0;7;0;34
5/24/2020;December 3, 2021;1007;11;12;0;7;0;9
5/25/2020;December 3, 2021;404;1;3;0;7;0;37
5/26/2020;December 3, 2021;953;11;12;0;8;0;38
5/27/2020;December 3, 2021;591;6;7;0;8;0;10
5/28/2020;December 3, 2021;665;5;16;0;7;1;10
5/29/2020;December 3, 2021;912;1;17;0;8;1;11
5/30/2020;December 3, 2021;816;25;47;0;7;2;53
5/31/2020;December 3, 2021;851;17;22;0;7;2;11
6/1/2020;December 3, 2021;830;2;9;0;8;2;11
6/2/2020;December 3, 2021;1272;15;18;0;8;2;10
6/3/2020;December 3, 2021;975;39;57;0;11;2;13
6/4/2020;December 3, 2021;1159;4;16;0;10;2;0
6/5/2020;December 3, 2021;1018;0;1;0;8;2;5
6/6/2020;December 3, 2021;1115;1;3;0;8;2;16
6/7/2020;December 3, 2021;1159;6;45;0;6;2;43
6/8/2020;December 3, 2021;1410;7;10;0;6;2;28
6/9/2020;December 3, 2021;1090;1;42;0;6;2;1
6/10/2020;December 3, 2021;1670;11;15;0;7;2;15
6/11/2020;December 3, 2021;1590;18;28;0;9;2;5
6/12/2020;December 3, 2021;1840;18;24;0;8;2;9
6/13/2020;December 3, 2021;1476;1;7;0;7;2;14
6/14/2020;December 3, 2021;1473;12;28;0;7;2;3
6/15/2020;December 3, 2021;648;1;7;1;8;2;23
6/16/2020;December 3, 2021;1249;1;7;1;7;2;26
6/17/2020;December 3, 2021;1200;2;5;0;8;1;12
6/18/2020;December 3, 2021;1471;3;22;0;10;1;6
6/19/2020;December 3, 2021;1629;0;6;0;10;1;24
6/20/2020;December 3, 2021;1549;0;26;0;9;1;50
6/21/2020;December 3, 2021;1165;2;17;0;8;1;80
6/22/2020;December 3, 2021;903;0;13;0;8;1;32
6/23/2020;December 3, 2021;1559;3;30;0;8;1;23
6/24/2020;December 3, 2021;1357;4;106;0;11;1;18
6/25/2020;December 3, 2021;1573;11;41;0;10;2;32
6/26/2020;December 3, 2021;1590;9;142;0;9;2;37
6/27/2020;December 3, 2021;1631;1;231;2;20;3;32
6/28/2020;December 3, 2021;1361;9;185;0;23;3;20
6/29/2020;December 3, 2021;1061;0;64;1;23;4;15
6/30/2020;December 3, 2021;1316;1;30;1;25;3;9
7/1/2020;December 3, 2021;1347;4;39;2;27;3;13
7/2/2020;December 3, 2021;1629;15;43;0;26;4;6
7/3/2020;December 3, 2021;1769;11;46;0;28;4;5
7/4/2020;December 3, 2021;1989;0;36;1;30;5;21
7/5/2020;December 3, 2021;1802;2;42;0;29;5;32
7/6/2020;December 3, 2021;1486;4;29;0;26;7;14
7/7/2020;December 3, 2021;2076;1;46;0;23;8;13
7/8/2020;December 3, 2021;1533;5;52;0;25;10;19
7/9/2020;December 3, 2021;2017;23;84;0;21;10;17
7/10/2020;December 3, 2021;2212;21;98;0;23;9;27
7/11/2020;December 3, 2021;2141;2;84;1;18;10;5
7/12/2020;December 3, 2021;1937;24;128;1;17;11;14
7/13/2020;December 3, 2021;1161;3;32;3;17;10;18
7/14/2020;December 3, 2021;1886;6;94;0;19;10;15
7/15/2020;December 3, 2021;1732;1;124;0;14;11;30
7/16/2020;December 3, 2021;2028;31;144;2;18;12;41
7/17/2020;December 3, 2021;2227;13;115;1;18;11;102
7/18/2020;December 3, 2021;2469;3;172;1;19;12;162
7/19/2020;December 3, 2021;2338;4;92;2;17;10;275
7/20/2020;December 3, 2021;1223;3;27;2;23;10;253
7/21/2020;December 3, 2021;1688;2;69;2;20;10;136
7/22/2020;December 3, 2021;1841;8;183;1;18;10;84
7/23/2020;December 3, 2021;2165;7;113;0;18;12;96
7/24/2020;December 3, 2021;2006;2;111;2;25;12;109
7/25/2020;December 3, 2021;1861;1;104;2;29;12;83
7/26/2020;December 3, 2021;1656;11;116;1;32;13;115
7/27/2020;December 3, 2021;1694;3;104;2;32;10;111
7/28/2020;December 3, 2021;1687;0;126;2;32;8;134
7/29/2020;December 3, 2021;1886;10;192;1;39;8;130
7/30/2020;December 3, 2021;2532;12;341;1;41;10;81
7/31/2020;December 3, 2021;2249;20;131;2;43;11;298
8/1/2020;December 3, 2021;1099;0;147;3;47;12;238
8/2/2020;December 3, 2021;1015;2;159;0;49;14;180
8/3/2020;December 3, 2021;1062;4;80;3;54;14;283
8/4/2020;December 3, 2021;1325;1;128;4;39;16;396
8/5/2020;December 3, 2021;1711;0;208;2;39;18;194
8/6/2020;December 3, 2021;1455;16;315;5;43;23;135
8/7/2020;December 3, 2021;1002;2;133;3;52;25;149
8/8/2020;December 3, 2021;1021;0;197;3;53;31;58
8/9/2020;December 3, 2021;1115;3;202;3;52;32;41
8/10/2020;December 3, 2021;1821;14;327;7;53;34;54
8/11/2020;December 3, 2021;2158;5;285;4;56;33;50
8/12/2020;December 3, 2021;2123;20;499;7;58;35;58
8/13/2020;December 3, 2021;1767;7;371;4;87;36;132
8/14/2020;December 3, 2021;3065;7;633;11;89;38;141
8/15/2020;December 3, 2021;2078;2;359;19;91;40;184
8/16/2020;December 3, 2021;2965;7;410;11;119;46;193
8/17/2020;December 3, 2021;2219;7;344;7;127;59;176
8/18/2020;December 3, 2021;3055;8;471;16;126;54;192
8/19/2020;December 3, 2021;2657;39;527;4;142;54;180
8/20/2020;December 3, 2021;3787;9;684;5;155;63;201
8/21/2020;December 3, 2021;3150;8;719;12;191;62;224
8/22/2020;December 3, 2021;2292;8;438;10;193;64;190
8/23/2020;December 3, 2021;1788;2;259;13;222;69;220
8/24/2020;December 3, 2021;2312;26;369;14;200;66;232
8/25/2020;December 3, 2021;2119;4;626;12;209;68;234
8/26/2020;December 3, 2021;2835;10;644;16;213;67;251
8/27/2020;December 3, 2021;2185;1;418;18;241;71;214
8/28/2020;December 3, 2021;3130;7;583;15;262;76;247
8/29/2020;December 3, 2021;2638;13;601;14;282;85;259
8/30/2020;December 3, 2021;1610;12;631;14;291;85;292
8/31/2020;December 3, 2021;2296;1;557;18;315;83;275
9/1/2020;December 3, 2021;3089;17;676;22;303;85;300
9/2/2020;December 3, 2021;3066;6;800;10;311;87;260
9/3/2020;December 3, 2021;3130;3;821;15;337;85;270
9/4/2020;December 3, 2021;2470;12;695;25;356;87;272
9/5/2020;December 3, 2021;2263;17;1217;14;356;88;287
9/6/2020;December 3, 2021;2719;20;615;23;377;96;323
9/7/2020;December 3, 2021;2754;1;867;14;400;101;391
9/8/2020;December 3, 2021;3020;16;861;14;385;108;396
9/9/2020;December 3, 2021;2667;6;812;11;387;113;389
9/10/2020;December 3, 2021;2650;2;605;11;408;129;420
9/11/2020;December 3, 2021;3010;6;881;11;404;134;452
9/12/2020;December 3, 2021;3708;2;813;18;438;134;498
9/13/2020;December 3, 2021;2981;0;493;11;449;136;609
9/14/2020;December 3, 2021;2523;0;669;14;461;144;526
9/15/2020;December 3, 2021;3105;5;811;13;457;148;447
9/16/2020;December 3, 2021;3552;11;1121;14;456;145;479
9/17/2020;December 3, 2021;2665;1;694;18;461;137;573
9/18/2020;December 3, 2021;3434;4;1014;27;475;143;608
9/19/2020;December 3, 2021;3105;6;888;25;483;144;614
9/20/2020;December 3, 2021;2506;2;505;23;498;147;582
9/21/2020;December 3, 2021;2061;1;740;17;509;149;512
9/22/2020;December 3, 2021;2908;5;568;29;523;157;628
9/23/2020;December 3, 2021;2977;9;743;22;528;157;610
9/24/2020;December 3, 2021;2735;30;833;16;520;157;635
9/25/2020;December 3, 2021;2468;12;822;18;519;165;615
9/26/2020;December 3, 2021;3031;0;696;21;517;155;640
9/27/2020;December 3, 2021;2648;7;762;21;524;154;662
9/28/2020;December 3, 2021;2784;3;748;15;559;161;644
9/29/2020;December 3, 2021;2061;2;669;23;550;160;685
9/30/2020;December 3, 2021;2937;4;657;16;552;152;701
10/1/2020;December 3, 2021;3417;2;1041;12;552;150;718
10/2/2020;December 3, 2021;2628;5;885;21;561;140;636
10/3/2020;December 3, 2021;2725;1;768;23;550;143;709
10/4/2020;December 3, 2021;2240;0;730;16;550;145;691
10/5/2020;December 3, 2021;2005;0;533;18;548;152;684
10/6/2020;December 3, 2021;2867;1;932;19;541;152;659
10/7/2020;December 3, 2021;3162;1;788;23;551;151;724
10/8/2020;December 3, 2021;3021;4;881;23;583;143;706
10/9/2020;December 3, 2021;3100;0;959;33;610;144;667
10/10/2020;December 3, 2021;2895;2;703;20;609;145;708
10/11/2020;December 3, 2021;2891;0;697;12;624;144;739
10/12/2020;December 3, 2021;2883;7;669;19;631;146;661
10/13/2020;December 3, 2021;2727;4;853;12;624;156;574
10/14/2020;December 3, 2021;3031;2;648;23;605;155;596
10/15/2020;December 3, 2021;2922;1;751;19;572;149;506
10/16/2020;December 3, 2021;2972;4;886;15;591;145;500
10/17/2020;December 3, 2021;2931;2;533;14;617;142;597
10/18/2020;December 3, 2021;2691;3;709;9;614;146;544
10/19/2020;December 3, 2021;2254;0;728;19;621;143;595
10/20/2020;December 3, 2021;3031;5;621;24;617;135;504
10/21/2020;December 3, 2021;2754;3;746;19;599;142;506
10/22/2020;December 3, 2021;2838;0;707;17;603;140;541
10/23/2020;December 3, 2021;2854;2;733;11;523;135;583
10/24/2020;December 3, 2021;3005;1;784;15;523;136;444
10/25/2020;December 3, 2021;2527;2;551;16;524;134;494
10/26/2020;December 3, 2021;2426;0;515;24;518;121;512
10/27/2020;December 3, 2021;2422;1;448;14;531;120;501
10/28/2020;December 3, 2021;2842;0;733;12;498;121;540
10/29/2020;December 3, 2021;3141;2;760;14;510;119;512
10/30/2020;December 3, 2021;3002;1;546;14;506;122;537
10/31/2020;December 3, 2021;2861;0;589;17;487;123;563
11/1/2020;December 3, 2021;2667;2;546;14;485;118;503
11/2/2020;December 3, 2021;1535;1;425;11;469;120;603
11/3/2020;December 3, 2021;3003;3;472;12;460;125;517
11/4/2020;December 3, 2021;2724;2;630;13;472;121;620
11/5/2020;December 3, 2021;2823;1;520;8;475;119;651
11/6/2020;December 3, 2021;2928;2;703;10;493;114;672
11/7/2020;December 3, 2021;2635;0;460;7;490;111;688
11/8/2020;December 3, 2021;2581;4;648;11;494;107;668
11/9/2020;December 3, 2021;2488;1;359;12;481;115;615
11/10/2020;December 3, 2021;2239;3;549;14;501;116;602
11/11/2020;December 3, 2021;2696;0;609;16;486;112;506
11/12/2020;December 3, 2021;2642;1;547;11;492;108;500
11/13/2020;December 3, 2021;2910;0;739;13;487;109;469
11/14/2020;December 3, 2021;2589;3;673;13;489;112;451
11/15/2020;December 3, 2021;1547;0;509;18;489;107;410
11/16/2020;December 3, 2021;3252;1;525;15;491;112;401
11/17/2020;December 3, 2021;2901;0;758;11;518;116;406
11/18/2020;December 3, 2021;3010;2;782;11;516;121;426
11/19/2020;December 3, 2021;3261;1;856;12;510;131;452
11/20/2020;December 3, 2021;2522;0;563;11;528;127;442
11/21/2020;December 3, 2021;2748;5;799;5;530;126;486
11/22/2020;December 3, 2021;2884;0;619;5;546;127;503
11/23/2020;December 3, 2021;2760;2;596;8;557;124;555
11/24/2020;December 3, 2021;3010;1;819;12;574;119;485
11/25/2020;December 3, 2021;3136;0;987;14;596;125;494
11/26/2020;December 3, 2021;3619;2;639;13;596;125;485
11/27/2020;December 3, 2021;3508;0;919;16;613;132;481
11/28/2020;December 3, 2021;3657;0;695;11;610;131;505
11/29/2020;December 3, 2021;3154;0;775;12;623;127;451
11/30/2020;December 3, 2021;3071;0;518;13;670;133;506
12/1/2020;December 3, 2021;3794;3;1055;15;713;142;496
12/2/2020;December 3, 2021;4065;0;1003;12;697;143;516
12/3/2020;December 3, 2021;4195;3;995;13;631;145;621
12/4/2020;December 3, 2021;4155;5;1022;17;598;144;558
12/5/2020;December 3, 2021;4080;0;714;20;588;140;639
12/6/2020;December 3, 2021;4092;1;707;20;598;139;665
12/7/2020;December 3, 2021;3912;1;803;19;623;149;655
12/8/2020;December 3, 2021;3830;0;698;15;631;145;640
12/9/2020;December 3, 2021;3920;0;725;14;613;149;648
12/10/2020;December 3, 2021;3970;1;812;13;632;151;636
12/11/2020;December 3, 2021;4010;3;1155;13;633;150;649
12/12/2020;December 3, 2021;3810;0;800;10;637;147;676
12/13/2020;December 3, 2021;3854;0;669;16;654;143;691
12/14/2020;December 3, 2021;3540;0;641;18;623;160;699
12/15/2020;December 3, 2021;3510;3;1130;20;662;172;711
12/16/2020;December 3, 2021;3724;2;856;23;680;166;705
12/17/2020;December 3, 2021;3627;2;819;18;677;179;693
12/18/2020;December 3, 2021;3880;0;1268;18;645;182;750
12/19/2020;December 3, 2021;3761;1;861;22;644;177;842
12/20/2020;December 3, 2021;3244;3;632;16;650;174;864
12/21/2020;December 3, 2021;3683;0;823;15;668;181;914
12/22/2020;December 3, 2021;3568;0;932;17;641;182;925
12/23/2020;December 3, 2021;3549;0;827;18;658;174;927
12/24/2020;December 3, 2021;3627;1;958;16;651;179;936
12/25/2020;December 3, 2021;3911;4;559;0;651;179;0
12/26/2020;December 3, 2021;1745;0;274;20;634;172;1850
12/27/2020;December 3, 2021;2150;2;260;14;639;163;903
12/28/2020;December 3, 2021;2927;1;952;14;638;174;909
12/29/2020;December 3, 2021;3297;0;762;18;630;162;926
12/30/2020;December 3, 2021;2628;0;822;22;647;157;937
12/31/2020;December 3, 2021;3274;2;974;20;651;163;943
1/1/2021;December 3, 2021;3107;1;417;0;651;163;0
1/2/2021;December 3, 2021;1040;0;369;17;630;160;1903
1/3/2021;December 3, 2021;1267;0;355;13;633;156;957
1/4/2021;December 3, 2021;2568;0;764;13;655;162;963
1/5/2021;December 3, 2021;2844;5;959;16;682;165;986
1/6/2021;December 3, 2021;3011;0;898;17;705;170;961
1/7/2021;December 3, 2021;3003;0;1162;15;732;170;977
1/8/2021;December 3, 2021;3257;0;1138;20;674;181;922
1/9/2021;December 3, 2021;3147;1;1032;15;683;184;901
1/10/2021;December 3, 2021;3008;0;707;18;670;180;896
1/11/2021;December 3, 2021;2481;1;802;15;682;181;881
1/12/2021;December 3, 2021;2906;3;1055;17;697;182;934
1/13/2021;December 3, 2021;3119;0;1002;14;695;185;882
1/14/2021;December 3, 2021;3157;0;1048;15;672;186;843
1/15/2021;December 3, 2021;3107;1;1149;13;655;187;832
1/16/2021;December 3, 2021;3402;2;859;16;641;187;872
1/17/2021;December 3, 2021;3120;0;512;10;638;186;901
1/18/2021;December 3, 2021;3135;0;428;13;650;204;877
1/19/2021;December 3, 2021;3239;0;771;17;616;209;838
1/20/2021;December 3, 2021;3449;4;1088;21;600;220;782
1/21/2021;December 3, 2021;3232;0;1071;14;602;238;763
1/22/2021;December 3, 2021;3412;0;852;15;583;250;751
1/23/2021;December 3, 2021;3144;0;711;22;573;243;745
1/24/2021;December 3, 2021;2887;0;571;10;574;245;739
1/25/2021;December 3, 2021;2717;0;714;15;584;244;728
1/26/2021;December 3, 2021;3161;0;1028;19;578;242;759
1/27/2021;December 3, 2021;3415;0;769;17;535;251;783
1/28/2021;December 3, 2021;3113;1;754;13;530;242;756
1/29/2021;December 3, 2021;3275;0;969;12;519;255;774
1/30/2021;December 3, 2021;3241;1;662;11;514;251;751
1/31/2021;December 3, 2021;3232;0;679;14;519;247;792
2/1/2021;December 3, 2021;3403;0;554;15;527;247;801
2/2/2021;December 3, 2021;3428;2;701;17;510;238;814
2/3/2021;December 3, 2021;3358;2;748;15;503;232;791
2/4/2021;December 3, 2021;3491;1;794;13;513;231;835
2/5/2021;December 3, 2021;3569;6;867;12;515;233;821
2/6/2021;December 3, 2021;3547;2;713;16;506;235;878
2/7/2021;December 3, 2021;3007;2;515;19;496;234;892
2/8/2021;December 3, 2021;3003;0;827;20;488;237;899
2/9/2021;December 3, 2021;3539;5;874;16;518;232;903
2/10/2021;December 3, 2021;3549;0;978;14;527;230;891
2/11/2021;December 3, 2021;3794;0;978;15;518;237;904
2/12/2021;December 3, 2021;3530;3;823;13;525;243;895
2/13/2021;December 3, 2021;3486;1;845;16;531;242;919
2/14/2021;December 3, 2021;3474;2;599;16;530;240;942
2/15/2021;December 3, 2021;3443;5;1053;17;555;233;931
2/16/2021;December 3, 2021;3619;9;1121;18;581;231;951
2/17/2021;December 3, 2021;3773;1;1037;20;581;232;800
2/18/2021;December 3, 2021;3796;0;1369;17;618;240;812
2/19/2021;December 3, 2021;3703;3;1062;18;609;239;923
2/20/2021;December 3, 2021;3613;0;1047;19;606;237;939
2/21/2021;December 3, 2021;3754;0;987;20;613;228;952
2/22/2021;December 3, 2021;3677;0;940;15;645;242;900
2/23/2021;December 3, 2021;3739;6;1132;21;676;250;912
2/24/2021;December 3, 2021;3309;0;1114;18;685;256;900
2/25/2021;December 3, 2021;3494;0;1285;16;697;256;900
2/26/2021;December 3, 2021;3573;0;1415;17;700;255;930
2/27/2021;December 3, 2021;3532;1;934;15;706;254;984
2/28/2021;December 3, 2021;3792;1;937;14;716;257;990
3/1/2021;December 3, 2021;3735;1;974;17;770;262;957
3/2/2021;December 3, 2021;3463;3;1084;20;790;261;981
3/3/2021;December 3, 2021;3551;0;1341;21;833;270;993
3/4/2021;December 3, 2021;3531;0;1440;17;863;293;1002
3/5/2021;December 3, 2021;3814;2;1501;22;893;294;1015
3/6/2021;December 3, 2021;3825;1;1158;16;878;300;1100
3/7/2021;December 3, 2021;4113;0;1074;24;884;293;1078
3/8/2021;December 3, 2021;4302;3;1817;25;889;296;1121
3/9/2021;December 3, 2021;4709;8;2125;17;926;324;1211
3/10/2021;December 3, 2021;4637;4;2028;27;959;327;1251
3/11/2021;December 3, 2021;5083;3;1814;24;985;331;1326
3/12/2021;December 3, 2021;5029;2;1766;25;1024;341;1301
3/13/2021;December 3, 2021;4961;4;1479;20;1038;342;1350
3/14/2021;December 3, 2021;4842;6;942;20;1038;349;1308
3/15/2021;December 3, 2021;5097;2;1401;41;1073;353;1441
3/16/2021;December 3, 2021;5118;3;1934;37;1148;354;1410
3/17/2021;December 3, 2021;5187;3;2540;34;1208;352;1501
3/18/2021;December 3, 2021;5810;6;2606;32;1277;368;1463
3/19/2021;December 3, 2021;6035;7;2006;42;1334;382;1510
3/20/2021;December 3, 2021;6021;3;2100;33;1368;377;1490
3/21/2021;December 3, 2021;6005;5;1523;35;1372;377;1530
3/22/2021;December 3, 2021;6070;3;1997;39;1453;404;1545
3/23/2021;December 3, 2021;6028;7;2023;49;1508;424;1560
3/24/2021;December 3, 2021;6374;4;2688;51;1570;413;1522
3/25/2021;December 3, 2021;6104;4;1882;41;1596;405;1601
3/26/2021;December 3, 2021;6109;6;2004;48;1680;420;1601
3/27/2021;December 3, 2021;6407;4;1893;45;1747;423;1594
3/28/2021;December 3, 2021;6477;4;2058;60;1785;407;1605
3/29/2021;December 3, 2021;6091;4;1770;50;1815;405;1584
3/30/2021;December 3, 2021;6461;2;2267;48;1864;397;1608
3/31/2021;December 3, 2021;6169;3;1977;45;1916;408;1620
4/1/2021;December 3, 2021;6011;4;1620;44;1954;428;1588
4/2/2021;December 3, 2021;5811;1;1609;44;1936;431;1602
4/3/2021;December 3, 2021;5779;3;1518;50;1932;428;1565
4/4/2021;December 3, 2021;5008;3;1822;55;1922;431;1580
4/5/2021;December 3, 2021;5139;1;1463;64;2028;429;1603
4/6/2021;December 3, 2021;5002;2;2073;59;2100;427;1579
4/7/2021;December 3, 2021;5716;3;2380;62;2170;436;1599
4/8/2021;December 3, 2021;5811;1;2479;60;2256;438;1610
4/9/2021;December 3, 2021;5958;4;2547;54;2344;445;1631
4/10/2021;December 3, 2021;6057;4;1603;51;2366;444;1643
4/11/2021;December 3, 2021;6143;3;1548;78;2377;442;1672
4/12/2021;December 3, 2021;6494;8;2251;62;2438;446;1701
4/13/2021;December 3, 2021;6363;1;2605;89;2403;485;1731
4/14/2021;December 3, 2021;6664;1;2021;62;2448;489;1755
4/15/2021;December 3, 2021;6450;6;2367;70;2445;504;1786
4/16/2021;December 3, 2021;6494;3;2278;67;2416;501;1850
4/17/2021;December 3, 2021;6337;0;1558;74;2427;499;1873
4/18/2021;December 3, 2021;6124;1;1801;62;2409;495;1901
4/19/2021;December 3, 2021;6512;4;2278;71;2450;510;1920
4/20/2021;December 3, 2021;6510;3;2610;86;2410;521;1951
4/21/2021;December 3, 2021;6422;3;2660;91;2477;508;1985
4/22/2021;December 3, 2021;6421;3;2682;72;2485;503;1971
4/23/2021;December 3, 2021;6409;5;2753;82;2501;525;1992
4/24/2021;December 3, 2021;6559;2;2195;87;2522;521;1983
4/25/2021;December 3, 2021;6416;3;1792;98;2513;514;1962
4/26/2021;December 3, 2021;6280;4;2271;102;2525;549;1984
4/27/2021;December 3, 2021;6394;7;2461;92;2516;563;1975
4/28/2021;December 3, 2021;6460;10;2362;102;2506;537;1953
4/29/2021;December 3, 2021;6401;4;2709;106;2523;526;1981
4/30/2021;December 3, 2021;6016;2;2240;83;2462;516;1979
5/1/2021;December 3, 2021;6067;3;1946;91;2476;512;1998
5/2/2021;December 3, 2021;6063;0;1520;96;2472;508;1936
5/3/2021;December 3, 2021;6011;4;1910;81;2562;527;1921
5/4/2021;December 3, 2021;6106;2;2215;69;2584;553;1902
5/5/2021;December 3, 2021;6030;3;2307;76;2588;552;1889
5/6/2021;December 3, 2021;6087;3;2566;85;2659;545;1875
5/7/2021;December 3, 2021;6019;5;2693;91;2738;567;1875
5/8/2021;December 3, 2021;6175;5;2073;76;2760;570;1880
5/9/2021;December 3, 2021;6137;4;1483;80;2756;565;1885
5/10/2021;December 3, 2021;6044;5;1895;79;2739;565;1907
5/11/2021;December 3, 2021;6088;4;2377;75;2801;581;1915
5/12/2021;December 3, 2021;6283;0;2828;74;2842;599;1923
5/13/2021;December 3, 2021;6081;4;2568;69;2840;592;1935
5/14/2021;December 3, 2021;6007;4;2181;55;2875;590;1985
5/15/2021;December 3, 2021;6030;1;2108;52;2892;584;1993
5/16/2021;December 3, 2021;6091;0;1781;62;2868;582;2001
5/17/2021;December 3, 2021;6067;7;2020;96;2862;560;1997
5/18/2021;December 3, 2021;6021;4;2704;110;2916;570;1990
5/19/2021;December 3, 2021;6063;2;2781;112;2959;569;2002
5/20/2021;December 3, 2021;6111;8;3031;98;2971;584;2008
5/21/2021;December 3, 2021;6056;5;3166;103;2924;570;2180
5/22/2021;December 3, 2021;6455;6;3229;120;2956;567;2205
5/23/2021;December 3, 2021;6615;2;2514;125;2908;564;2199
5/24/2021;December 3, 2021;6952;7;2721;114;3002;566;2208
5/25/2021;December 3, 2021;6993;2;3223;117;3063;601;2215
5/26/2021;December 3, 2021;7230;8;3307;110;3065;596;2219
5/27/2021;December 3, 2021;7866;3;3136;99;3137;598;2225
5/28/2021;December 3, 2021;8087;4;2827;92;3206;594;2218
5/29/2021;December 3, 2021;7895;5;2429;95;3159;597;2227
5/30/2021;December 3, 2021;8506;0;2075;96;3109;585;2235
5/31/2021;December 3, 2021;8400;3;2697;103;3212;590;2248
6/1/2021;December 3, 2021;8306;9;2860;107;3247;607;2279
6/2/2021;December 3, 2021;8651;3;3196;103;3342;605;2298
6/3/2021;December 3, 2021;8655;6;3262;102;3335;587;2302
6/4/2021;December 3, 2021;8643;1;3481;111;3340;605;2315
6/5/2021;December 3, 2021;8771;0;2838;130;3326;605;2377
6/6/2021;December 3, 2021;7344;1;2145;135;3351;593;2401
6/7/2021;December 3, 2021;8153;12;2833;131;3462;587;2425
6/8/2021;December 3, 2021;9564;3;3135;140;3560;571;2485
6/9/2021;December 3, 2021;9581;4;3098;133;3506;627;2550
6/10/2021;December 3, 2021;9356;3;2758;134;3456;617;2702
6/11/2021;December 3, 2021;9258;5;2698;149;3412;618;2715
6/12/2021;December 3, 2021;7046;1;1963;138;3384;613;2697
6/13/2021;December 3, 2021;7052;1;1786;135;3354;607;2692
6/14/2021;December 3, 2021;6798;1;2046;120;3417;617;2709
6/15/2021;December 3, 2021;7316;1;2667;115;3336;582;2725
6/16/2021;December 3, 2021;8509;2;2612;112;3287;584;2738
6/17/2021;December 3, 2021;8717;5;2482;113;3249;597;2724
6/18/2021;December 3, 2021;8646;3;2149;117;3214;563;2699
6/19/2021;December 3, 2021;8191;0;1683;110;3213;572;2708
6/20/2021;December 3, 2021;7242;0;1145;112;3150;571;2695
6/21/2021;December 3, 2021;6521;0;1501;110;3143;577;2687
6/22/2021;December 3, 2021;7049;1;1746;106;3062;570;2691
6/23/2021;December 3, 2021;7217;4;2148;124;2962;570;2677
6/24/2021;December 3, 2021;7339;6;1842;113;2966;575;2683
6/25/2021;December 3, 2021;6048;0;1863;129;2961;554;2671
6/26/2021;December 3, 2021;6425;2;1523;150;2930;546;2662
6/27/2021;December 3, 2021;6465;0;1487;152;2905;540;2673
6/28/2021;December 3, 2021;6021;6;1434;124;2838;532;2658
6/29/2021;December 3, 2021;6227;1;1825;122;2714;536;2643
6/30/2021;December 3, 2021;6443;3;1693;132;2590;541;2651
7/1/2021;December 3, 2021;6384;6;1716;122;2505;568;2598
7/2/2021;December 3, 2021;6003;2;1320;110;2427;573;2572
7/3/2021;December 3, 2021;4532;2;1224;108;2432;576;2326
7/4/2021;December 3, 2021;4128;0;1201;111;2422;573;2139
7/5/2021;December 3, 2021;4173;1;1141;101;2319;591;2001
7/6/2021;December 3, 2021;5541;3;1483;106;2351;587;1993
7/7/2021;December 3, 2021;5872;0;1434;92;2221;589;1938
7/8/2021;December 3, 2021;5819;1;1463;84;2201;618;1916
7/9/2021;December 3, 2021;5907;2;1258;77;2138;612;1865
7/10/2021;December 3, 2021;5846;0;1102;61;2127;615;1678
7/11/2021;December 3, 2021;5672;1;1095;51;2101;597;1652
7/12/2021;December 3, 2021;4374;0;1045;46;1812;571;1587
7/13/2021;December 3, 2021;5509;2;1133;52;1907;513;1530
7/14/2021;December 3, 2021;6022;2;1159;50;1736;495;1503
7/15/2021;December 3, 2021;5763;0;1151;54;1572;468;1485
7/16/2021;December 3, 2021;5726;3;1171;58;1566;457;1472
7/17/2021;December 3, 2021;5440;0;1049;52;1549;487;1395
7/18/2021;December 3, 2021;4029;0;565;58;1535;494;1317
7/19/2021;December 3, 2021;4007;0;573;52;1396;452;1325
7/20/2021;December 3, 2021;4253;0;702;54;1341;441;1333
7/21/2021;December 3, 2021;4412;2;879;52;1269;433;1342
7/22/2021;December 3, 2021;4268;0;718;55;1244;423;1351
7/23/2021;December 3, 2021;4236;0;644;49;1158;388;1324
7/24/2021;December 3, 2021;4230;0;410;43;1180;392;1295
7/25/2021;December 3, 2021;4018;1;423;60;1176;374;1283
7/26/2021;December 3, 2021;4473;0;561;48;1097;377;1250
7/27/2021;December 3, 2021;4359;0;592;58;1084;346;1266
7/28/2021;December 3, 2021;4438;1;664;61;1091;349;1275
7/29/2021;December 3, 2021;4318;1;537;56;1055;329;1210
7/30/2021;December 3, 2021;3287;1;390;53;954;310;1152
7/31/2021;December 3, 2021;3307;1;303;52;939;315;1003
8/1/2021;December 3, 2021;3509;0;310;61;946;317;1020
8/2/2021;December 3, 2021;3426;0;333;44;856;325;999
8/3/2021;December 3, 2021;3463;0;336;49;797;311;945
8/4/2021;December 3, 2021;4079;0;427;37;793;314;969
8/5/2021;December 3, 2021;3862;1;400;35;791;297;985
8/6/2021;December 3, 2021;3559;0;348;31;709;292;909
8/7/2021;December 3, 2021;3282;0;323;30;683;277;978
8/8/2021;December 3, 2021;3142;0;255;25;678;278;950
8/9/2021;December 3, 2021;3028;0;269;22;620;271;899
8/10/2021;December 3, 2021;3268;0;291;26;596;260;875
8/11/2021;December 3, 2021;3270;0;384;22;546;258;781
8/12/2021;December 3, 2021;3553;0;227;20;502;244;665
8/13/2021;December 3, 2021;3463;0;193;19;499;235;599
8/14/2021;December 3, 2021;3283;1;105;18;504;228;502
8/15/2021;December 3, 2021;3043;0;106;19;490;226;485
8/16/2021;December 3, 2021;2906;0;147;16;406;211;447
8/17/2021;December 3, 2021;3288;0;181;18;408;212;452
8/18/2021;December 3, 2021;3481;0;199;19;387;194;426
8/19/2021;December 3, 2021;3559;0;127;16;387;190;385
8/20/2021;December 3, 2021;3277;0;123;20;383;185;328
8/21/2021;December 3, 2021;3253;0;140;22;374;179;299
8/22/2021;December 3, 2021;2722;0;113;21;369;180;250
8/23/2021;December 3, 2021;3189;0;113;22;362;171;207
8/24/2021;December 3, 2021;3125;0;133;20;344;163;195
8/25/2021;December 3, 2021;3126;0;145;20;341;159;190
8/26/2021;December 3, 2021;3036;0;91;20;303;148;255
8/27/2021;December 3, 2021;3006;0;92;22;298;133;260
8/28/2021;December 3, 2021;3001;0;62;23;292;130;277
8/29/2021;December 3, 2021;1863;1;43;25;289;130;268
8/30/2021;December 3, 2021;2038;0;51;19;225;116;261
8/31/2021;December 3, 2021;2190;0;73;25;202;108;257
9/1/2021;December 3, 2021;2247;0;86;18;175;94;249
9/2/2021;December 3, 2021;2337;0;102;36;148;90;245
9/3/2021;December 3, 2021;2332;0;83;163;137;88;238
9/4/2021;December 3, 2021;2285;0;45;5;131;87;256
9/5/2021;December 3, 2021;2285;0;40;6;124;86;263
9/6/2021;December 3, 2021;2289;0;38;8;115;81;271
9/7/2021;December 3, 2021;2207;0;55;5;113;77;265
9/8/2021;December 3, 2021;2280;0;85;12;114;71;258
9/9/2021;December 3, 2021;2288;0;71;8;106;66;245
9/10/2021;December 3, 2021;2259;0;74;65;96;55;238
9/11/2021;December 3, 2021;2234;0;50;4;98;56;233
9/12/2021;December 3, 2021;2166;0;34;5;98;54;227
9/13/2021;December 3, 2021;2167;0;49;7;77;48;220
9/14/2021;December 3, 2021;2262;0;51;5;72;52;213
9/15/2021;December 3, 2021;2217;0;70;4;70;49;201
9/16/2021;December 3, 2021;2232;0;63;2;66;40;198
9/17/2021;December 3, 2021;2175;1;56;3;60;35;193
9/18/2021;December 3, 2021;2240;2;42;3;61;36;185
9/19/2021;December 3, 2021;2124;0;28;2;59;37;181
9/20/2021;December 3, 2021;2077;0;15;4;54;33;175
9/21/2021;December 3, 2021;2053;0;30;4;37;25;168
9/22/2021;December 3, 2021;2129;0;25;2;36;27;159
9/23/2021;December 3, 2021;2164;0;31;1;34;26;145
9/24/2021;December 3, 2021;2096;0;28;49;32;24;137
9/25/2021;December 3, 2021;2051;0;25;0;32;23;120
9/26/2021;December 3, 2021;2010;0;24;1;30;23;113
9/27/2021;December 3, 2021;1948;0;27;2;30;25;109
9/28/2021;December 3, 2021;1913;0;44;2;21;21;101
9/29/2021;December 3, 2021;1729;0;49;2;19;15;98
9/30/2021;December 3, 2021;1680;0;19;3;16;14;87
10/1/2021;December 3, 2021;1783;0;30;2;15;13;78
10/2/2021;December 3, 2021;1796;0;25;0;18;14;80
10/3/2021;December 3, 2021;1823;0;19;1;19;14;77
10/4/2021;December 3, 2021;1806;0;20;2;18;12;69
10/5/2021;December 3, 2021;1870;0;23;1;17;14;65
10/6/2021;December 3, 2021;1928;0;29;1;25;14;63
10/7/2021;December 3, 2021;1887;0;25;0;27;14;57
10/8/2021;December 3, 2021;1999;0;33;1;26;12;53
10/9/2021;December 3, 2021;1829;0;19;0;26;11;48
10/10/2021;December 3, 2021;1793;0;13;0;27;11;45
10/11/2021;December 3, 2021;1699;0;15;1;26;13;42
10/12/2021;December 3, 2021;1764;0;26;0;33;14;39
10/13/2021;December 3, 2021;1871;0;33;0;33;13;35
10/14/2021;December 3, 2021;1861;0;24;1;33;11;32
10/15/2021;December 3, 2021;1760;0;21;18;34;11;30
10/16/2021;December 3, 2021;1871;0;19;1;31;10;28
10/17/2021;December 3, 2021;1781;0;16;1;32;9;25
10/18/2021;December 3, 2021;1710;0;24;0;23;12;35
10/19/2021;December 3, 2021;1758;0;29;0;27;13;23
10/20/2021;December 3, 2021;1912;0;33;0;26;15;35
10/21/2021;December 3, 2021;1754;0;31;1;28;13;37
10/22/2021;December 3, 2021;1884;0;33;0;31;13;34
10/23/2021;December 3, 2021;1789;0;22;1;36;12;31
10/24/2021;December 3, 2021;1813;0;22;1;35;13;36
10/25/2021;December 3, 2021;1783;0;31;1;35;14;39
10/26/2021;December 3, 2021;1789;0;61;1;44;16;35
10/27/2021;December 3, 2021;1908;0;79;5;45;15;40
10/28/2021;December 3, 2021;1813;0;50;5;39;14;48
10/29/2021;December 3, 2021;1922;0;30;2;40;17;52
10/30/2021;December 3, 2021;1837;0;32;1;38;17;56
10/31/2021;December 3, 2021;1821;0;35;1;42;17;59
11/1/2021;December 3, 2021;1825;0;45;2;49;21;21
11/2/2021;December 3, 2021;1715;0;46;1;46;28;18
11/3/2021;December 3, 2021;1871;0;52;6;43;28;21
11/4/2021;December 3, 2021;1921;0;41;0;52;31;25
11/5/2021;December 3, 2021;1889;0;50;2;55;35;28
11/6/2021;December 3, 2021;1923;0;38;1;49;35;23
11/7/2021;December 3, 2021;1845;0;48;4;47;35;26
11/8/2021;December 3, 2021;1791;0;52;3;51;39;29
11/9/2021;December 3, 2021;1848;0;53;6;44;38;24
11/10/2021;December 3, 2021;1879;0;54;0;44;41;30
11/11/2021;December 3, 2021;1894;0;54;1;45;43;32
11/12/2021;December 3, 2021;1899;0;291;61;44;43;33
11/13/2021;December 3, 2021;1925;0;47;1;40;44;52
11/14/2021;December 3, 2021;1934;0;45;2;41;44;57
11/15/2021;December 3, 2021;1844;0;46;3;34;45;51
11/16/2021;December 3, 2021;1832;0;56;2;35;46;59
11/17/2021;December 3, 2021;1858;0;50;1;33;46;53
11/18/2021;December 3, 2021;1847;0;37;6;38;42;60
11/19/2021;December 3, 2021;1871;0;52;5;47;39;52
11/20/2021;December 3, 2021;1888;0;44;1;46;40;47
11/21/2021;December 3, 2021;1861;0;41;5;44;38;41
11/22/2021;December 3, 2021;1834;0;48;3;52;33;38
11/23/2021;December 3, 2021;1929;0;58;1;46;37;33
11/24/2021;December 3, 2021;2197;0;64;1;50;40;35
11/25/2021;December 3, 2021;2242;0;80;1;50;40;40
11/26/2021;December 3, 2021;2399;0;322;93;54;42;37
11/27/2021;December 3, 2021;2479;0;53;2;53;42;65
11/28/2021;December 3, 2021;2330;0;48;2;57;41;69
11/29/2021;December 3, 2021;2307;0;45;6;54;43;66
11/30/2021;December 3, 2021;2466;0;57;3;54;38;70
12/1/2021;December 3, 2021;2588;0;63;2;62;42;63
12/2/2021;December 3, 2021;2522;0;78;1;58;47;72
12/3/2021;December 3, 2021;2631;0;61;1;62;48;74
